position_id	claim_index	linked_hypothesis_id	verdict	flags	reasons	school_prediction	current_polarity	claim_years_range	claim_countries	hyp_period	hyp_countries_count	claim_outcomes	hyp_outcomes	claim_entities	hyp_entities	claim_text
austrian	0	m2_expansion_correlates_with_asset_price_inflation	PASS			supported	aligned			2008-2025	10	financial_crisis,inflation	financial_crisis,inflation,monetary_policy			Monetary expansion produces asset price inflation with a lag across developed economies.
austrian	1	hyperinflation_requires_fiscal_dominance	PASS			supported	aligned			1900-2025	14	inflation	inflation,monetary_policy		zimbabwe_hyperinflation	Hyperinflation requires fiscal dominance as root cause.
austrian	2	fiat_expansion_erodes_currency_purchasing_power_long_run	PASS			supported	aligned			1971-2025	7					Fiat currencies lose purchasing power against hard assets over long horizons.
austrian	3	post_soviet_market_reform_life_expectancy	PASS			supported	aligned		RUS	1989-2019	20	health_mortality	health_mortality		covid	Countries that rapidly adopted market reforms after the fall of the Soviet Union experienced better long-run life expectancy than countries that retained state-socialist structures.
austrian	4	venezuela_chavismo_framework_validation	FAIL	OUTCOME_MISMATCH	claim outcomes ['privatisation'] disjoint from hypothesis outcomes ['institutional_quality']	supported	aligned	1999-2013	USA,VEN	1996-2023	7	privatisation	institutional_quality	chavez,chavismo	chavez,chavismo,maduro	Venezuelan Chavismo-era policy (nationalisation + price controls + FX controls + monetary-fiscal fusion) produced systematic economic collapse relative to Latin American commodity-exporter peers.
austrian	5	argentina_default_collapse_output_effects	REVIEW	GEO_UNVERIFIABLE	hypothesis has no sample.countries list	supported	aligned	1989-2001	ARG,AUT		0			menem	menem	Argentine convertibility and subsequent collapse (Menem 1991–2001) reflects rule-based money's appeal combined with fixed-regime rigidity risk that Austrian theory predicts.
austrian	6	qe_asset_inflation_vs_cpi_divergence_post_2008	PASS			supported	aligned	2008-2022		2008-2023	8	inflation	inflation,monetary_policy	qe	qe	Post-2008 QE programmes produced asset-price inflation without proportional consumer-price inflation — a specific empirical pattern consistent with ABCT's weaker form.
austrian	7	central_bank_independence_inflation_discipline	PASS			supported	aligned			1990-2023	29	inflation,monetary_policy	inflation,trade_liberalisation			Countries maintaining central bank independence experience fewer hyperinflation episodes than countries where monetary policy is subordinated to fiscal needs.
austrian	8	procyclical_fiscal_expansion_boom_bust	PASS			supported	aligned	1997-2015	ARG,GBR	1995-2023	34		gdp_growth,trade_liberalisation	blair,kirchner	blair,kirchner	Unfunded government fiscal expansions during boom periods (as in Blair–Brown 2001–2007 UK and Kirchner Argentina 2003–2015) produce subsequent structural fiscal weakness.
austrian	9	hyperinflation_requires_fiscal_dominance	PASS			supported	aligned	2000-2008	ZWE	1900-2025	14	inflation,monetary_policy	inflation,monetary_policy	zimbabwe_hyperinflation	zimbabwe_hyperinflation	Zimbabwe's 2000–2008 land-reform-plus-monetisation episode produced hyperinflation because the central bank monetised fiscal deficits once property-right expropriation collapsed the tax base — an instance of fiscal dominance.
austrian	10	argentina_default_collapse_output_effects	REVIEW	GEO_UNVERIFIABLE,OUTCOME_UNVERIFIABLE	hypothesis has no sample.countries list; no outcome keywords detected in hypothesis; claim mentions ['inflation']	supported	aligned	1989-2001	AUT		0	inflation		menem	menem	Menem's 1991–2001 currency board succeeded at controlling inflation while rigid, but collapsed when fiscal profligacy at provincial level produced debt-service costs the fixed regime could not absorb — vindicating the Austrian warning that rule-based money cannot substitute for fiscal discipline.
austrian	11	argentina_default_collapse_output_effects	FAIL	GEO_UNVERIFIABLE,OUTCOME_UNVERIFIABLE,POLICY_NAMED_ABSENT	hypothesis has no sample.countries list; no outcome keywords detected in hypothesis; claim mentions ['inflation', 'monetary_policy']; claim references ['milei'] — not found in hypothesis text (hyp entities: ['menem'])	supported	aligned	2023-2027	ARG		0	inflation,monetary_policy		milei	menem	Milei's 2023–2024 fiscal-first shock therapy (eliminating primary deficit, ending central bank deficit monetisation) will show faster inflation stabilisation than any prior Argentine programme that tried price controls or heterodox stabilisation first.
austrian	12	price_controls_shortage_effect	PASS			supported	aligned	1999-2013	AUT,VEN	1970-2023	4		inflation,regulatory	chavez,chavismo	chavez,chavismo,gorbachev,kirchner	Soviet and Chavismo-era Venezuelan price controls produced the specific pattern Austrian calculation-debate theory predicts: shortages, quality degradation, black markets, and producer exit — not merely distributional effects.
austrian	13	fiat_expansion_erodes_currency_purchasing_power_long_run	FAIL	ERA_MISMATCH,OUTCOME_UNVERIFIABLE	claim refers to 1914-1914; hypothesis period 1971-2025; no outcome keywords detected in hypothesis; claim mentions ['inflation', 'welfare_state']	supported	aligned	1914-1914		1971-2025	7	inflation,welfare_state				Pre-1914 classical-gold-standard episodes (excluding wartime suspensions) show lower long-run average inflation than any comparable-length fiat-regime sample, even if short-run price-level volatility is higher.
austrian	14	milei_reforms_reduce_argentine_inflation	PASS			supported	aligned	2023-2027	ARG,AUT	2018-2027	1	inflation	inflation	milei	menem,milei	Milei's fiscal-first stabilisation produces monthly Argentine CPI inflation below 5% m/m within 12 months and below 3% m/m within 18 months of inauguration, faster than any prior non-dollarisation LatAm stabilisation, vindicating the Austrian fiscal-dominance-removal reading of disinflation.
austrian	15	maduro_era_venezuelan_collapse_decomposition_2013_2023	PASS			supported	aligned	2013-2024	USA,VEN	2005-2023	7		inflation	maduro	maduro	The 2013-2023 Maduro-era Venezuelan cumulative >70% output collapse is predominantly driven by domestic monetary-fiscal fusion and political-destabilisation channels rather than by the exogenous oil shock or US sanctions alone; the institutional channel is load-bearing.
austrian	16	milei_shock_therapy_output_recovery_trajectory	PASS			supported	aligned	2023-2027	ARG,AUT	2015-2027	7	gdp_growth	gdp_growth	milei	milei	Argentine real GDP under Milei shock-therapy recovers faster than the LatAm peer average after the initial 2024H1 contraction, consistent with Austrian claim that post-stabilisation recoveries are front-loaded once fiscal-dominance distortion is removed.
chicago_monetarism	0	hyperinflation_requires_fiscal_dominance	PASS			supported	aligned			1900-2025	14	inflation	inflation,monetary_policy		zimbabwe_hyperinflation	Hyperinflations always involve fiscal dominance (monetary accommodation of deficits).
chicago_monetarism	1	m2_expansion_correlates_with_asset_price_inflation	PASS			supported	aligned			2008-2025	10	financial_crisis,inflation,monetary_policy	financial_crisis,inflation,monetary_policy			M2 growth correlates with asset price inflation with a lag.
chicago_monetarism	2	volcker_disinflation_output_recovery	PASS			supported	aligned	1979-1987			0	inflation	inflation	volcker	volcker	Volcker's 1979–1982 disinflation produced output recovery by 1984 once inflation expectations re-anchored, vindicating the monetarist claim that credible rule-based tightening imposes finite transition costs.
chicago_monetarism	3	central_bank_independence_inflation_discipline	PASS			supported	aligned	1989-2006	GBR	1990-2023	29	inflation,monetary_policy	inflation,trade_liberalisation			Countries that grant statutory central bank independence (Bundesbank, post-1997 Bank of England, post-1989 RBNZ) experience lower average inflation than peers that retain political monetary control, controlling for initial conditions.
chicago_monetarism	4	natural_rate_hypothesis_long_run_phillips_vertical	PASS			supported	aligned	1970-1979			0	employment_labour,inflation	employment_labour,inflation	friedman,phillips_curve	friedman,phillips_curve	Cross-country Phillips-curve data post-1970 shows no stable unemployment-inflation tradeoff in the long run, consistent with Friedman's natural-rate hypothesis.
chicago_monetarism	5	friedman_schwartz_great_depression_monetary_cause	PASS			supported	aligned	1929-1939			0	monetary_policy	monetary_policy	great_depression	great_depression	The Fed's 1929–1933 contraction of M2 by approximately one-third was the proximate cause of the Great Depression's severity, not a Keynesian demand-collapse failure.
chicago_monetarism	6	qe_asset_inflation_vs_cpi_divergence_post_2008	PASS			mixed	aligned	2008-2022		2008-2023	8	inflation	inflation,monetary_policy	qe	qe	Post-2008 QE did not produce the CPI inflation monetarist quantity-theory would predict because the money-multiplier collapsed with banks parking reserves; base-money expansion was partially sterilised.
chicago_monetarism	7	chile_chicago_boys_monetary_stabilisation_effect	REVIEW	GEO_UNVERIFIABLE	hypothesis has no sample.countries list	supported	aligned	1973-1990	CHL,USA		0	inflation	inflation	pinochet	pinochet	Pinochet-era Chile's monetary stabilisation (post-1975, advised by Chicago Boys) produced lower inflation and higher growth than contemporaneous Latin American countries using heterodox stabilisation.
chicago_monetarism	8	deregulation_productivity_effect	REVIEW	GEO_UNVERIFIABLE	hypothesis has no sample.countries list	supported	aligned	1978-1993	GBR,NZL,USA		0	productivity,regulatory	productivity,regulatory	rogernomics	rogernomics	Deregulation episodes (US transportation 1978–1980, UK telecoms 1984, NZ Rogernomics 1984–1993) show measurable TFP gains in the deregulated sectors within a decade.
chicago_monetarism	9	trade_liberalisation_growth_effect	FAIL	POLICY_NAMED_ABSENT	claim references ['nafta'] — not found in hypothesis text (hyp entities: ['doi_moi', 'india_1991', 'rogernomics', 'singh', 'solow', 'wto'])	supported	aligned	1978-2020	CHN,IND,MEX	1980-2023	30	gdp_growth,trade_liberalisation	gdp_growth,labour_share,productivity,trade_liberalisation	india_1991,nafta	doi_moi,india_1991,rogernomics,singh,solow,wto	Trade liberalisation episodes (China post-1978, India 1991, Mexico NAFTA 1994) are followed by per-capita output growth acceleration, not deceleration, in the liberalising economy.
chicago_monetarism	10	reagan_tax_cuts_growth_effect	REVIEW	GEO_UNVERIFIABLE	hypothesis has no sample.countries list	supported	inverted	1981-1989	USA		0		gdp_growth	reagan	reagan	US Reagan-era marginal-rate reductions (1981, 1986) produced measurable labour-supply response at the top of the distribution, as identified in the tax-reform literature.
chicago_monetarism	11	rent_control_reduces_housing_supply_and_quality	FAIL	ERA_MISMATCH	claim refers to 1946-1946; hypothesis period 2000-2023	supported	aligned	1946-1946		2000-2023	3	housing_supply	housing_supply,inflation	friedman	kohl	Rent control in San Francisco, Berlin, and Stockholm produces measurable reductions in rental supply, unit quality, and turnover — the standard Friedman prediction from 'Roofs or Ceilings?' (1946).
chicago_monetarism	12	minimum_wage_disemployment_at_high_bite_ratios	PASS			supported	aligned				0	employment_labour	employment_labour			Minimum-wage increases above the local median-wage ratio produce disemployment effects at the low-skill margin, even if aggregate employment effects are small.
chicago_monetarism	13	hyperinflation_requires_fiscal_dominance	PASS			supported	aligned	2000-2008	ZWE	1900-2025	14	inflation,monetary_policy	inflation,monetary_policy	friedman,zimbabwe_hyperinflation	zimbabwe_hyperinflation	Zimbabwe's 2000–2008 hyperinflation involved monetary accommodation of fiscal deficits by a central bank that had lost operational independence, matching the Friedman-Schwartz pattern.
chicago_monetarism	14	milei_reforms_reduce_argentine_inflation	PASS			supported	aligned	2023-2027		2018-2027	1	inflation	inflation	milei	menem,milei	Milei's 2023-2025 stabilisation — removing BCRA financing of Treasury + achieving primary surplus — produces rapid disinflation consistent with monetarist view that inflation is a monetary phenomenon driven by fiscal dominance, with rule-based regime change producing finite transition costs and a clear nominal-anchor trajectory.
chicago_monetarism	15	milei_shock_therapy_output_recovery_trajectory	FAIL	OUTCOME_MISMATCH,POLICY_NAMED_ABSENT	claim outcomes ['inflation'] disjoint from hypothesis outcomes ['gdp_growth']; claim references ['volcker'] — not found in hypothesis text (hyp entities: ['milei'])	supported	aligned	1979-2027	ARG	2015-2027	7	inflation	gdp_growth	milei,volcker	milei	Argentine output recovery post-Milei shock follows the Volcker-disinflation template: transition recession followed by recovery once inflation expectations re-anchor and the new nominal anchor is credible.
classical_liberal	0	us_eu_gdp_per_capita_divergence_policy_causes	FAIL	OUTCOME_MISMATCH	claim outcomes ['gdp_growth'] disjoint from hypothesis outcomes ['employment_labour', 'productivity', 'regulatory', 'trade_liberalisation']	supported	aligned			1970-2023	15	gdp_growth	employment_labour,productivity,regulatory,trade_liberalisation			Trajectory analysis of liberalisation episodes shows output growth follows reforms (not precedes them).
classical_liberal	1	rent_control_reduces_housing_supply_and_quality	PASS			supported	aligned			2000-2023	3	housing_supply	housing_supply,inflation		kohl	Rent control and price controls produce shortages and misallocation.
classical_liberal	2	rule_of_law_institutional_growth	PASS			supported	aligned			1996-2023	60		gdp_growth,health_mortality,institutional_quality,trade_liberalisation			Property-rights and rule-of-law indices (WGI, Heritage) predict per-capita-income levels and growth rates in cross-country panel regressions, controlling for geography and initial conditions.
classical_liberal	3	economic_freedom_index_income_correlation	PASS			supported	aligned				0					Economic-freedom indices (Fraser, Heritage) correlate positively with per-capita income levels across countries, with the strongest sub-indices being legal-system and sound-money.
classical_liberal	4	trade_liberalisation_growth_effect	FAIL	POLICY_NAMED_ABSENT	claim references ['deng_reform', 'eu_single_market'] — not found in hypothesis text (hyp entities: ['doi_moi', 'india_1991', 'rogernomics', 'singh', 'solow', 'wto'])	supported	aligned	1978-2020	CHN,IND,NZL	1980-2023	30	trade_liberalisation	gdp_growth,labour_share,productivity,trade_liberalisation	deng_reform,eu_single_market,india_1991,rogernomics,wto	doi_moi,india_1991,rogernomics,singh,solow,wto	Trade liberalisation episodes (China 1978, India 1991, NZ Rogernomics, EU single market 1993, China WTO 2001) are followed within a decade by per-capita income acceleration relative to counterfactual non-reform paths.
classical_liberal	5	privatisation_productivity_effect	REVIEW	GEO_UNVERIFIABLE	hypothesis has no sample.countries list	supported	aligned	1979-1990	GBR		0	privatisation,productivity	privatisation,productivity	thatcher	thatcher	Thatcher-era UK privatisations (BT, British Gas, BA, water utilities) produced measurable productivity gains and price reductions in the privatised sectors, net of cost-shifting concerns.
classical_liberal	6	nz_rogernomics_productivity_effect	REVIEW	GEO_UNVERIFIABLE	hypothesis has no sample.countries list	supported	aligned	1984-1993	NZL		0	privatisation,productivity,trade_liberalisation	privatisation,productivity,trade_liberalisation	rogernomics	rogernomics	NZ Rogernomics 1984–1993 liberalisation (tariff removal, SOE corporatisation, financial-market liberalisation) produced productivity acceleration and real-income gains over 1990s–2000s relative to pre-reform trend.
classical_liberal	7	china_1978_price_liberalisation_growth_decomposition	REVIEW	GEO_UNVERIFIABLE	hypothesis has no sample.countries list	supported	aligned	1978-2000	CHN		0	poverty_inequality	poverty_inequality	deng,deng_reform	deng,deng_reform	Deng Xiaoping's 1978 reforms, by introducing price signals and household responsibility in agriculture and Township-Village-Enterprise market exchange, account for the majority of Chinese poverty reduction 1978–2000 — not state investment.
classical_liberal	8	mitterrand_nationalisations_productivity_effect	REVIEW	GEO_UNVERIFIABLE	hypothesis has no sample.countries list	supported	aligned	1981-1995	FRA		0	privatisation,productivity	privatisation,productivity	mitterrand	mitterrand	Mitterrand's 1981–1983 French nationalisations reduced productivity and required the 1983 'tournant de la rigueur' reversal, vindicating the classical-liberal diagnosis that political ownership distorts resource allocation.
classical_liberal	9	reagan_tax_cuts_growth_effect	PASS			supported	inverted	1981-1989			0	gdp_growth	gdp_growth	reagan	reagan	Reagan's 1981–1986 marginal-tax-rate reductions produced measurable labour-supply response at the top of the distribution, with output growth exceeding the pre-reform trend.
classical_liberal	10	price_controls_shortage_effect	FAIL	POLICY_NAMED_ABSENT	claim references ['nixon'] — not found in hypothesis text (hyp entities: ['chavez', 'chavismo', 'gorbachev', 'kirchner'])	supported	aligned	1971-2013	VEN	1970-2023	4		inflation,regulatory	chavez,chavismo,nixon	chavez,chavismo,gorbachev,kirchner	Price controls during Nixon 1971–1974 and Chavismo Venezuela produced the shortage-quality-degradation-black-market pattern predicted by classical price theory, not the consumer-welfare gains controls advocates project.
classical_liberal	11	occupational_licensing_productivity_drag	REVIEW	GEO_UNVERIFIABLE	hypothesis has no sample.countries list	supported	aligned		USA		0	productivity,regulatory	productivity,regulatory			Excessive occupational-licensing scope (US state-level variation) reduces inter-state labour mobility and sector productivity relative to light-licensing alternatives.
classical_liberal	12	restrictive_zoning_housing_supply_elasticity	REVIEW	GEO_UNVERIFIABLE	hypothesis has no sample.countries list	supported	aligned	1947-1990	GBR		0	housing_supply,inflation	housing_supply,inflation			UK Town and Country Planning Act 1947 and subsequent restrictive-zoning regimes produce measurable housing supply elasticity reductions and price level increases relative to more-permissive planning systems.
classical_liberal	13	clinton_welfare_reform_labour_participation_effect	PASS			supported	aligned	1993-2005			0	employment_labour,poverty_inequality,welfare_state	employment_labour,poverty_inequality,welfare_state	clinton,tanf	clinton,tanf	Clinton's 1996 welfare reform (TANF, work requirements) increased low-skill labour-force participation and reduced caseloads without the catastrophic child-poverty outcomes critics predicted.
classical_liberal	14	eu_regulatory_burden_productivity_drag	FAIL	POLICY_NAMED_ABSENT	claim references ['reach'] — not found in hypothesis text (hyp entities: ['ai_act', 'brexit', 'covid', 'csrd', 'gdpr'])	supported	aligned	2000-2020		2015-2023	11	productivity,regulatory	productivity,regulatory,trade_liberalisation	ai_act,csrd,gdpr,reach	ai_act,brexit,covid,csrd,gdpr	EU regulatory burden (REACH, GDPR, AI Act, CSRD) produces measurable productivity drag relative to lighter-regulation peer economies over 2000–2020, consistent with classical-liberal theory on compliance deadweight.
degrowth	0	us_eu_gdp_per_capita_divergence_policy_causes	PASS			mixed	inverted		USA	1970-2023	15		employment_labour,productivity,regulatory,trade_liberalisation			Energy-cost divergence drives US-EU GDP gap rather than policy per se (if US energy-advantage were equalised, gap would narrow).
degrowth	1	absolute_decoupling_global_material_throughput	PASS			supported	aligned	1970-2020			0	gdp_growth,wage_stagnation	gdp_growth,wage_stagnation			Absolute decoupling of GDP growth from material throughput has not been sustained at global scale 1970-2020; reported decoupling in advanced economies reflects offshored manufacturing and is reversed under consumption-based accounting.
degrowth	2	gdp_energy_coupling_1945_1973	PASS			supported	aligned	1945-1973			0	gdp_growth	gdp_growth			Post-1945 Western GDP growth 1945-1973 tracked closely with energy and resource use; the assumption that this coupling is severable has not been empirically demonstrated at policy-relevant scale.
degrowth	3	reduced_working_time_output_employment	REVIEW	GEO_UNVERIFIABLE	hypothesis has no sample.countries list	supported	aligned	2000-2019	FRA,ISL		0	employment_labour	employment_labour			Reduced working-time experiments (French 35-hour week 2000, Icelandic four-day-week trial 2015-2019) did not produce the catastrophic output or employment consequences predicted by standard models.
degrowth	4	gdp_wellbeing_divergence_income_threshold	PASS			supported	aligned				0	health_mortality	health_mortality			Wellbeing-indicator measures (life satisfaction, ISEW/GPI, HDI) diverge from GDP per capita above roughly $25-35k per capita, indicating that further growth delivers diminishing welfare returns in rich economies.
degrowth	5	cuba_special_period_degrowth_basic_needs	REVIEW	GEO_UNVERIFIABLE	hypothesis has no sample.countries list	mixed	aligned	1989-2000	CUB		0					Cuban post-1991 Special Period forced degrowth (GDP contracting ~35% over 1989-1993) demonstrated that basic-needs provision can be maintained during rapid material-throughput reduction when institutions are aligned.
degrowth	6	post_2008_oecd_growth_emissions_path	PASS			supported	aligned	2005-2017			0	energy_climate,gdp_growth	energy_climate,gdp_growth			Post-2008 OECD GDP growth has slowed to roughly 1-2% trend levels while per-capita emissions remain above 1.5C-consistent paths, falsifying the 'green growth will solve it' forecasts of 2005-2010 IPCC scenarios.
degrowth	7	ubs_material_throughput_efficiency	REVIEW	GEO_UNVERIFIABLE	hypothesis has no sample.countries list	supported	aligned	1945-1973	GBR		0					Universal Basic Services provision (UK post-war, Nordic) delivers equivalent wellbeing outcomes to consumption-based equivalents at lower material-throughput levels.
degrowth	8	japan_stagnation_wellbeing_outcomes	REVIEW	GEO_UNVERIFIABLE	hypothesis has no sample.countries list	supported	aligned	1990-2020	JPN		0	gdp_growth,health_mortality	gdp_growth,health_mortality			Japanese stagnation 1990-2020 (mean GDP growth under 1%) coincided with stable or improving wellbeing indicators (life expectancy, life satisfaction), refuting the claim that zero-growth necessarily degrades human outcomes.
degrowth	9	eu_green_deal_decoupling_pace_vs_target	PASS			mixed	aligned	2020-2020			0	energy_climate,gdp_growth,wage_stagnation	energy_climate,gdp_growth,wage_stagnation			EU Green Deal 2020-present emissions reductions have outpaced aggregate GDP growth, showing partial decoupling, but at rates still below 1.5C-consistent pathways.
degrowth	10	costa_rica_wellbeing_throughput_efficiency	REVIEW	GEO_UNVERIFIABLE	hypothesis has no sample.countries list	supported	aligned	1950-1959	USA		0	health_mortality	health_mortality			Costa Rican post-1950 development path achieves life expectancy comparable to the US at roughly one-fifth the per-capita material throughput, demonstrating the feasibility of high-wellbeing low-throughput trajectories.
degrowth	11	us_post_2008_gdp_vs_gpi_divergence	REVIEW	GEO_UNVERIFIABLE	hypothesis has no sample.countries list	supported	aligned	2008-2017	USA		0					US post-2008 recovery shows rising GDP per capita alongside stagnant or declining median-household ISEW/GPI indicators, consistent with Daly's diminishing-returns-to-growth.
degrowth	12	material_footprint_cap_feasibility	REVIEW	GEO_UNVERIFIABLE	hypothesis has no sample.countries list	mixed	aligned	2015-2015	CHE		0					Material-footprint caps (Switzerland's 1-tonne society target, Welsh Wellbeing of Future Generations Act 2015) are technically implementable without triggering the collapse predicted by critics.
degrowth	13	keynes_1930_growth_targets_actually_met	PASS			supported	aligned	1930-2030			0			keynes	keynes	Pre-1945 Keynes-era claims that growth would ease 'economic problem' within a century (Keynes 1930 'Possibilities for Our Grandchildren') are, by 2030, technically met in OECD per-capita output terms, inviting the degrowth reframing question.
democratic_socialist	0	growth_vs_distribution_tradeoff	PASS			supported	aligned			1985-2020	15		institutional_quality,poverty_inequality,trade_liberalisation,welfare_state			Transfer-based redistribution can produce improved distributional outcomes without measurable growth penalty.
democratic_socialist	1	rent_control_reduces_housing_supply_and_quality	PASS			falsified	aligned			2000-2023	3	housing_supply	housing_supply,inflation		kohl	Rent control at the right design can improve tenure security without substantial supply penalty.
democratic_socialist	2	new_deal_output_employment_counterfactual	REVIEW	GEO_UNVERIFIABLE	hypothesis has no sample.countries list	supported	aligned	1933-1938	USA		0	employment_labour	employment_labour			US New Deal 1933-1938 (public-works employment, Social Security, Wagner Act) raised median living standards and reduced unemployment faster than the pre-1933 laissez-faire counterfactual, vindicating democratic reformist economic management.
democratic_socialist	3	uk_attlee_reforms_output_health_outcomes	REVIEW	GEO_UNVERIFIABLE	hypothesis has no sample.countries list	supported	aligned	1945-1954	GBR		0	health_mortality,housing_supply,privatisation	health_mortality,housing_supply,privatisation			UK post-1945 Attlee reforms (NHS, nationalisation of coal/rail/steel, expanded public housing) delivered measurable improvements in life expectancy and child mortality without undermining subsequent 1950s-1960s growth.
democratic_socialist	4	minimum_wage_employment_effect_us_states	PASS			supported	aligned	2004-2020	USA	1990-2024	1	employment_labour	employment_labour			US minimum-wage increases at the state level 2004-2020 did not produce the employment declines predicted by standard competitive-labour-market models; employment effects are close to zero in most estimated specifications.
democratic_socialist	5	clinton_welfare_reform_deep_poverty_effect	PASS			supported	aligned	1993-2005			0	poverty_inequality,welfare_state	poverty_inequality,welfare_state	clinton,tanf	clinton,tanf	Clinton welfare reform 1996 (TANF) reduced the income floor for single-parent households in recessions and raised deep-poverty rates among children, consistent with democratic-socialist critique of means-tested conditionality.
democratic_socialist	6	single_payer_cost_outcome_comparison	REVIEW	GEO_UNVERIFIABLE	hypothesis has no sample.countries list	supported	aligned		CAN,USA		0					Universal single-payer healthcare systems (NHS, Canadian Medicare) produce lower per-capita healthcare expenditure with equal or better life-expectancy outcomes than the US multi-payer system.
democratic_socialist	7	free_community_college_enrolment_completion	REVIEW	GEO_UNVERIFIABLE	hypothesis has no sample.countries list	supported	aligned	2015-2016	USA		0					US free-community-college state experiments (Tennessee Promise 2015, Oregon 2016) raised enrolment and completion rates among low-income students without measurable fiscal crowd-out.
democratic_socialist	8	vienna_social_housing_rent_burden_comparative	PASS			supported	aligned				0	housing_supply,inflation	housing_supply,inflation			Vienna's sustained social-housing programme has delivered lower rent burdens and housing-cost inflation than comparable European capitals without supply collapse, a counter-example to the rent-control-supply-destruction narrative.
democratic_socialist	9	german_codetermination_competitiveness	REVIEW	GEO_UNVERIFIABLE	hypothesis has no sample.countries list	supported	aligned	1976-1976	DEU		0					German sectoral co-determination (Mitbestimmung) and workers-on-boards has coexisted with competitive export-manufacturing performance 1976-present, refuting the claim that worker voice necessarily reduces firm competitiveness.
democratic_socialist	10	corbyn_manifesto_capital_flight_prediction	PASS			mixed	aligned	2015-2020			0	privatisation	privatisation	corbyn	corbyn	Corbyn 2017-2019 Labour programme (rail/utility renationalisation, expanded NHS) did not produce the capital-flight or fiscal-collapse outcomes predicted by market-liberal critics in the 2017 and 2019 manifestos' IFS-modelled scenarios.
democratic_socialist	11	eurozone_austerity_distributional_incidence	PASS			supported	aligned	2008-2017			0					Post-2008 eurozone austerity disproportionately affected households in the bottom income quintile; distributional cost was not necessary for fiscal consolidation, given alternative tax-side options.
democratic_socialist	12	federal_minimum_wage_employment_meta	REVIEW	GEO_UNVERIFIABLE	hypothesis has no sample.countries list	supported	aligned	2016-2020	USA		0		employment_labour			US Sanders 2016/2020 $15 federal minimum wage proposal, in meta-analyses of state-level evidence, would not produce the 1.3m-job loss CBO low-end estimate; effect is closer to zero.
democratic_socialist	13	child_benefit_expansion_child_poverty_effect	REVIEW	GEO_UNVERIFIABLE	hypothesis has no sample.countries list	supported	aligned	2013-2021	GBR,USA		0	poverty_inequality,welfare_state	poverty_inequality,welfare_state			Universal child-benefit / expanded child tax credit expansions (US ARP 2021, UK pre-2013 child benefit) reduced child poverty rates by measurable magnitudes in real time.
developmentalism	0	nordic_outcome_persistence_decomposition	FAIL	GEO_MISMATCH	claim countries ['CHL', 'SGP'] not in hypothesis sample ['DNK', 'ESP', 'FIN', 'FRA', 'GRC', 'ISL']…	mixed	aligned		CHL,SGP	1996-2023	10		employment_labour,institutional_quality,poverty_inequality			Forced-saving individual-account welfare architectures (Singapore CPF, Chilean AFP) outperform universal transfer architectures.
developmentalism	1	resource_extractor_nationalisation_reduces_output	PASS			mixed	aligned			1950-2024	9	privatisation	institutional_quality,privatisation,productivity			Resource-extractor nationalisation with autonomy loss reduces output.
developmentalism	2	industrial_policy_developmentalist_states_growth	FAIL	POLICY_NAMED_ABSENT	claim references ['park'] — not found in hypothesis text (hyp entities: none)	supported	aligned	1961-2027	KOR,USA	1960-2019	19		gdp_growth,institutional_quality	park		Park Chung-hee's 1961–1979 heavy-and-chemical-industry drive in Korea produced durable industrial capability (shipbuilding, steel, petrochemicals) that generated export competitiveness by 1985, outperforming Latin American comparators on the same period.
developmentalism	3	industrial_policy_export_discipline_conditionality	REVIEW	GEO_UNVERIFIABLE	hypothesis has no sample.countries list	supported	aligned	1991-1991	CHN,IND,KOR,TWN,USA		0			india_1991	india_1991	Industrial policy succeeds when subsidies and cheap credit are conditional on export-discipline performance (Korea, Taiwan, China) and fails when unconditional (Latin American ISI 1960s–1980s, India pre-1991 licence raj).
developmentalism	4	industrial_policy_developmentalist_states_growth	PASS			supported	aligned	1973-1987	TWN	1960-2019	19		gdp_growth,institutional_quality			Taiwan's ITRI-led semiconductor strategy (1973 founding, TSMC 1987 spinoff) produced a frontier-capability industry that market-led alternatives did not generate in comparable economies.
developmentalism	5	singapore_cpf_national_savings_effect	REVIEW	GEO_UNVERIFIABLE	hypothesis has no sample.countries list	supported	aligned	1965-2010	SGP		0					Singapore's CPF forced-saving architecture produced higher national-savings rates and domestic capital accumulation than free-choice retirement-saving peers over 1965–2010.
developmentalism	6	gradualist_vs_shock_therapy_transition_outcomes	PASS			supported	aligned	1978-2000			0			deng,soviet_collapse	deng,soviet_collapse	Deng's 1978 reforms succeeded not through pure market liberalisation but through dual-track pricing, TVE experimentation, and SEZ strategic openings — a gradualist-pragmatist pattern that pure shock-therapy could not reproduce in post-Soviet economies.
developmentalism	7	china_wto_accession_productivity_growth_effect	REVIEW	GEO_UNVERIFIABLE	hypothesis has no sample.countries list	supported	aligned	2001-2001	CHN		0	productivity,trade_liberalisation	productivity,trade_liberalisation	wto	wto	China's post-WTO 2001 accession produced export-sector productivity gains that spilled over to domestic value chains, vindicating export-oriented industrial policy combined with selective liberalisation.
developmentalism	8	industrial_policy_semiconductor_chips_act_effectiveness	REVIEW	OUTCOME_UNVERIFIABLE	no outcome keywords detected in hypothesis; claim mentions ['productivity']	supported	aligned	2021-2030			0	productivity		biden	biden	Biden's 2022 IRA and CHIPS Act — strategic subsidies for semiconductor and clean-energy manufacturing — will produce measurable domestic capacity and productivity gains by 2030 in targeted sectors.
developmentalism	9	washington_consensus_vs_developmental_state_performance	FAIL	GEO_UNVERIFIABLE,POLICY_NAMED_ABSENT	hypothesis has no sample.countries list; claim references ['pinochet'] — not found in hypothesis text (hyp entities: ['menem'])	supported	aligned	1973-1990	CHL		0		privatisation	pinochet	menem	Pinochet-era Chile's rapid liberalisation produced an initial growth collapse (1975, 1982) and only recovered after selective state re-engagement; the pure-Chicago prescription underperformed its East Asian contemporaries.
developmentalism	10	washington_consensus_vs_developmental_state_performance	REVIEW	GEO_UNVERIFIABLE	hypothesis has no sample.countries list	supported	aligned	1989-2001	ARG,KOR		0	privatisation	privatisation	menem	menem	Argentine Menem-era rapid privatisation and opening 1991–2001 produced a decade of growth followed by collapse — underperforming the comparable-size Korean developmental-state path.
developmentalism	11	india_services_led_growth_employment_effect	REVIEW	GEO_UNVERIFIABLE	hypothesis has no sample.countries list	supported	aligned	1991-2000	IND		0	employment_labour	employment_labour	india_1991	india_1991	India's post-1991 liberalisation accelerated growth but services-heavy rather than manufacturing-led, leaving labour-intensive employment gains smaller than in East Asian industrial-policy peers.
developmentalism	12	ethiopia_developmental_state_growth_effect	PASS			supported	aligned	2010-2010			0					Pre-2010 Ethiopian developmental-state strategy (state-led infrastructure, industrial parks, export-credit allocation) produced the fastest sustained African growth rates, consistent with late-developer industrial-policy theory.
developmentalism	13	vietnam_doi_moi_developmental_pattern_growth_effect	REVIEW	GEO_UNVERIFIABLE	hypothesis has no sample.countries list	supported	aligned	1986-2000	VNM		0			doi_moi	doi_moi	Vietnam's Doi Moi 1986 reforms and subsequent export-oriented strategy replicated the East Asian developmental-state pattern and produced three decades of above-peer-region growth.
developmentalism	14	infant_industry_protection_capability_effect	REVIEW	GEO_UNVERIFIABLE	hypothesis has no sample.countries list	supported	aligned		BRA,KOR		0	trade_liberalisation	trade_liberalisation			Tariff protection for infant industries under export-discipline conditionality (Korea steel, Brazil Embraer) produces capability build-up that free-trade-from-start counterfactuals would not have generated in the same timeframe.
developmentalism	15	industrial_policy_semiconductor_chips_act_effectiveness	FAIL	GEO_UNVERIFIABLE,POLICY_NAMED_ABSENT	hypothesis has no sample.countries list; claim references ['lula'] — not found in hypothesis text (hyp entities: ['biden'])	supported	aligned	2003-2030	USA		0			lula	biden	Lula third-term's Nova Indústria Brasil 2024 industrial-policy package, conditioned on export performance and technology-diffusion metrics, produces measurable sectoral capability gains (semiconductors, green hydrogen, health-industrial complex) by 2030 — replicating the East Asian export-discipline conditionality pattern rather than the earlier Latin American ISI pattern.
developmentalism	16	lula_third_term_fiscal_discipline_commitment_2023_present	REVIEW	ERA_PARTIAL,OUTCOME_UNVERIFIABLE	only 1/10 claim years fall within hypothesis period 2015-2027; no outcome keywords detected in hypothesis; claim mentions ['inflation', 'monetary_policy']	supported	aligned	2003-2023		2015-2027	1	inflation,monetary_policy		lula	lula	Lula third-term's Marco Fiscal (Lei Complementar 200/2023) demonstrates that structuralist / developmentalist fiscal space — room to expand transfers and industrial policy within a statutory discipline frame — is institutionally compatible with inflation-targeting monetary policy, contrary to the Washington-Consensus view that developmentalist fiscal commitments require abandonment of nominal-anchor discipline.
eco_socialist	0	resource_extractor_nationalisation_reduces_output	PASS			mixed	aligned			1950-2024	9	privatisation	institutional_quality,privatisation,productivity			Resource-extractor nationalisation can produce desired outcomes if aligned with ecological mandate.
eco_socialist	1	us_eu_gdp_per_capita_divergence_policy_causes	PASS			mixed	aligned		DEU	1970-2023	15		employment_labour,productivity,regulatory,trade_liberalisation			Germany's Energiewende demonstrates feasibility of state-led energy transition.
eco_socialist	2	eu_ets_emissions_reduction_vs_1p5c_pathway	PASS			supported	aligned	2005-2005			0	energy_climate	energy_climate			Private-sector carbon-pricing schemes (EU ETS 2005-present) have failed to reduce EU territorial emissions at the pace implied by 1.5C pathways, demonstrating market-mechanism inadequacy.
eco_socialist	3	fossil_subsidy_persistence_private_ownership_link	PASS			supported	aligned	1980-2020			0					Fossil-fuel subsidies across OECD 1980-2020 persisted despite declared climate commitments, consistent with the eco-socialist claim that private fossil-reserve ownership structurally blocks adequate public action.
eco_socialist	4	us_decoupling_consumption_based_accounting	REVIEW	GEO_UNVERIFIABLE	hypothesis has no sample.countries list	supported	aligned	1980-2020	USA		0	energy_climate,gdp_growth,wage_stagnation	energy_climate,gdp_growth,wage_stagnation			US GDP growth 1980-2020 did not absolutely decouple from territorial CO2 emissions once offshored manufacturing emissions are attributed; 'decoupling' claim dissolves under consumption-based accounting.
eco_socialist	5	public_electricity_generator_carbon_intensity	REVIEW	GEO_UNVERIFIABLE	hypothesis has no sample.countries list	supported	aligned		FRA,SWE		0	energy_climate,privatisation	energy_climate,privatisation			Publicly owned electricity generators (EDF in France pre-privatisation, Vattenfall Sweden) achieved lower-carbon generation mixes than otherwise-matched privatised counterparts in the 1970s-1990s.
eco_socialist	6	uk_electricity_privatisation_price_decarbonisation	REVIEW	GEO_UNVERIFIABLE	hypothesis has no sample.countries list	supported	aligned	1989-2017	GBR		0	energy_climate,privatisation	energy_climate,privatisation			UK electricity-sector privatisation post-1989 increased per-MWh retail prices and did not accelerate decarbonisation relative to the public counterfactual until state-directed renewables mandates post-2008.
eco_socialist	7	public_transport_investment_emissions_per_capita	REVIEW	GEO_UNVERIFIABLE	hypothesis has no sample.countries list	supported	aligned	1945-1989	USA		0	energy_climate,privatisation,regulatory	energy_climate,privatisation,regulatory			Post-1945 US and Western European public investment in rail/transit produced lower per-capita emissions than the post-1980 privatised-deregulated transport regime.
eco_socialist	8	china_renewables_industrial_policy_learning_curve	REVIEW	GEO_UNVERIFIABLE	hypothesis has no sample.countries list	supported	aligned	2005-2020	CHN		0		energy_climate			China's state-directed solar and wind manufacturing scale-up 2005-2020 delivered cost reductions on learning curves faster than any market-led OECD programme, demonstrating planning-led industrial policy's ecological potential.
eco_socialist	9	voluntary_carbon_markets_real_abatement	PASS			supported	aligned	2008-2017			0	energy_climate	energy_climate			Post-2008 global climate finance via private carbon markets (voluntary credits, REDD+) produced marginal real emissions abatement relative to stated volumes, while public-funded mandates delivered measurable reductions.
eco_socialist	10	latam_resource_nationalisation_social_outcome_tradeoff	REVIEW	GEO_UNVERIFIABLE	hypothesis has no sample.countries list	mixed	aligned	2000-2015	BOL,ECU,VEN		0	poverty_inequality,privatisation	poverty_inequality,privatisation			Venezuela, Bolivia, Ecuador resource-nationalisation programmes 2000-2015 financed measurable social-outcome gains (poverty reduction, literacy) despite extractive-output costs, a Pareto-dominance structure depending on normative weighting.
eco_socialist	11	major_fossil_firm_reserve_vs_carbon_budget	PASS			supported	aligned	1980-2020			0	energy_climate	energy_climate			Exxon, Shell, BP, Chevron 1980-2020 disclosed knowledge of climate impacts while investing in reserves whose combustion would exceed the remaining 1.5C carbon budget, consistent with accumulation-ecological-limit contradiction.
eco_socialist	12	eu_green_deal_vs_ets_emissions_mechanism	PASS			supported	aligned	2020-2020			0	energy_climate,regulatory	energy_climate,regulatory			EU Green Deal 2020-present production-side regulation produced faster sectoral emissions reductions than previous EU-ETS price-mechanism-only approaches.
eco_socialist	13	indigenous_managed_land_biodiversity_outcomes	REVIEW	GEO_UNVERIFIABLE	hypothesis has no sample.countries list	supported	aligned		AUS,CAN		0					Indigenous-managed territories (documented across Amazon basin, Canadian First Nations, Australian Indigenous Protected Areas) retain higher biodiversity and lower deforestation than state-protected or privately-held land of matched biome.
empirical_pragmatist	0	nordic_outcome_persistence_decomposition	PASS			supported	aligned			1996-2023	10		employment_labour,institutional_quality,poverty_inequality			Conditions favouring intervention + conditions favouring markets are empirically separable; no universal rule applies.
empirical_pragmatist	1	welfare_architecture_comparative_effectiveness	PASS			supported	aligned			1990-2023	16		poverty_inequality,welfare_state			Nordic-style mixed model (high taxes, universal services, flexicurity, strong institutions) produces strong growth and welfare outcomes in high-institutional-quality settings but fails when transplanted to low-state-capacity contexts.
empirical_pragmatist	2	rule_of_law_institutional_growth	PASS			supported	aligned			1996-2023	60	institutional_quality,trade_liberalisation	gdp_growth,health_mortality,institutional_quality,trade_liberalisation			Policy effectiveness is conditional on institutional quality: the same trade liberalisation produces high-variance outcomes across countries depending on rule-of-law, educational attainment, and financial-market depth.
empirical_pragmatist	3	central_bank_independence_inflation_discipline	FAIL	ERA_MISMATCH,POLICY_NAMED_ABSENT	claim refers to 1979-1987; hypothesis period 1990-2023; claim references ['volcker'] — not found in hypothesis text (hyp entities: none)	supported	aligned	1979-1987	ARG,USA,VEN	1990-2023	29	inflation	inflation,trade_liberalisation	volcker		Volcker disinflation succeeded because the US had the institutional preconditions (central-bank independence, functioning financial markets, political tolerance) — the same strategy imposed on Argentina or Venezuela without those preconditions fails.
empirical_pragmatist	4	industrial_policy_governance_capacity_conditionality	REVIEW	GEO_UNVERIFIABLE	hypothesis has no sample.countries list	supported	aligned		KOR,SGP,TWN		0					Industrial policy outcomes are bimodal by governance capacity: high-capacity states (Korea, Taiwan, Singapore) produce positive returns; low-capacity states produce rent-capture and white-elephants.
empirical_pragmatist	5	qe_asset_inflation_vs_cpi_divergence_post_2008	PASS			supported	aligned	2008-2022		2008-2023	8	inflation	inflation,monetary_policy	qe	qe	Post-2008 QE was a net-positive policy in advanced economies with anchored inflation expectations, but the same instrument in low-credibility monetary regimes produces inflation without the wealth-channel stimulus.
empirical_pragmatist	6	price_controls_shortage_effect	FAIL	POLICY_NAMED_ABSENT	claim references ['nixon'] — not found in hypothesis text (hyp entities: ['chavez', 'chavismo', 'gorbachev', 'kirchner'])	supported	aligned	1971-2020	ARG,VEN	1970-2023	4		inflation,regulatory	nixon	chavez,chavismo,gorbachev,kirchner	Price controls fail consistently across contexts (Nixon 1971, Venezuela 2003–2020, Argentina 2011–2015) because the underlying shortage-and-black-market mechanism is robust to institutional variation.
empirical_pragmatist	7	central_bank_independence_inflation_discipline	PASS			supported	aligned			1990-2023	29	inflation,monetary_policy	inflation,trade_liberalisation			Central bank independence produces lower inflation across institutional contexts — a relatively unconditional finding compared to most policy claims.
empirical_pragmatist	8	welfare_architecture_comparative_effectiveness	FAIL	OUTCOME_MISMATCH	claim outcomes ['institutional_quality'] disjoint from hypothesis outcomes ['poverty_inequality', 'welfare_state']	mixed	aligned		CHE,DEU	1990-2023	16	institutional_quality	poverty_inequality,welfare_state			Welfare architectures matter less than welfare-plus-institutional-quality interactions: Nordic universal, German Bismarckian, Swiss contributory, and Singaporean forced-saving models all produce good outcomes conditional on state capacity.
empirical_pragmatist	9	shock_therapy_institutional_preconditions_conditionality	REVIEW	GEO_UNVERIFIABLE	hypothesis has no sample.countries list	supported	aligned	1973-1993	CHL,NZL,RUS		0			pinochet,rogernomics	pinochet,rogernomics	Rogernomics (NZ) and Pinochet-era Chile produced positive macro outcomes because reforms were combined with strengthened institutions; same reforms without institutional strengthening (Russia 1990s) produced catastrophic outcomes.
empirical_pragmatist	10	labour_market_flexibility_unemployment_duration	FAIL	POLICY_NAMED_ABSENT	claim references ['schroder'] — not found in hypothesis text (hyp entities: none)	supported	aligned	1998-2010	DEU,DNK	1985-2023	31	employment_labour,poverty_inequality,productivity	employment_labour,welfare_state	schroder		Labour-market flexibility improves unemployment outcomes in countries with strong active-labour-market-policy complementarities (Denmark flexicurity, German Agenda 2010) but raises inequality without productivity gain where complementarities are absent.
empirical_pragmatist	11	fiscal_multipliers_state_dependent	PASS			supported	aligned				0	employment_labour	employment_labour			Fiscal multipliers are state-dependent: large at ZLB, small near full employment; no single-number answer is policy-relevant.
empirical_pragmatist	12	industrial_policy_semiconductor_chips_act_effectiveness	PASS			mixed	aligned	2021-2025			0			biden	biden	Biden's IRA/CHIPS industrial policy will show partial success on capacity-building metrics and mixed results on job creation, consistent with the conditional view that industrial policy works where targeting is technically competent and governance is strong.
empirical_pragmatist	13	clinton_welfare_reform_labour_participation_effect	REVIEW	GEO_UNVERIFIABLE	hypothesis has no sample.countries list	mixed	aligned	1993-2010	USA		0	welfare_state	employment_labour,poverty_inequality,welfare_state	clinton,tanf	clinton,tanf	Clinton 1996 welfare reform succeeded because US labour market in late 1990s was buoyant and EITC expansion complemented work requirements; the same reform imposed in 2008–2010 would have produced worse outcomes.
empirical_pragmatist	14	labour_market_flexibility_unemployment_duration	FAIL	OUTCOME_MISMATCH,POLICY_NAMED_ABSENT	claim outcomes ['institutional_quality'] disjoint from hypothesis outcomes ['employment_labour', 'welfare_state']; claim references ['macron'] — not found in hypothesis text (hyp entities: none)	supported	aligned	2017-2027	FRA	1985-2023	31	institutional_quality	employment_labour,welfare_state	macron		Macron's 2017–2019 reforms produced labour-market gains because French state capacity absorbed administrative complexity; equivalent reforms in weak-state-capacity settings would have produced smaller gains.
institutionalism	0	nordic_outcome_persistence_decomposition	PASS			supported	aligned			1996-2023	10		employment_labour,institutional_quality,poverty_inequality			Nordic outcomes decompose primarily into institutional-quality contributions.
institutionalism	1	us_eu_gdp_per_capita_divergence_policy_causes	PASS			supported	aligned		USA	1970-2023	15		employment_labour,productivity,regulatory,trade_liberalisation			US-EU GDP gap is explained by policy+institutional differences, not demographics.
institutionalism	2	colonial_institutions_post_independence_growth	PASS			supported	aligned	1945-1945			0					Pre-1945 colonial institutions explain a significant share of post-independence per-capita GDP variation; former colonies with settler/inclusive institutions outperform extractive-institution former colonies.
institutionalism	3	korean_institutional_divergence_gdp_gap	REVIEW	GEO_UNVERIFIABLE	hypothesis has no sample.countries list	supported	aligned	1945-1973	KOR		0					Korean division 1945-present delivers a natural experiment: matched populations, geography, pre-war institutions; post-war institutional divergence explains the roughly 20x GDP-per-capita gap.
institutionalism	4	industrial_policy_developmentalist_states_growth	FAIL	POLICY_NAMED_ABSENT	claim references ['park'] — not found in hypothesis text (hyp entities: none)	supported	aligned	1961-1979	KOR	1960-2019	19		gdp_growth,institutional_quality	park		Park Chung-hee developmentalist-state institutions 1961-1979 (EPB, HCI Plan, export-discipline) are the primary driver of Korean growth takeoff, not factor accumulation alone.
institutionalism	5	singapore_cpf_institutional_complementarity	REVIEW	GEO_UNVERIFIABLE	hypothesis has no sample.countries list	supported	aligned	1955-1955	SGP		0	institutional_quality,welfare_state	institutional_quality,welfare_state			Singapore's CPF forced-saving architecture 1955-present, combined with rule-of-law and corruption-free administration, produced savings and growth outcomes not replicable by transfer-based welfare states without the institutional base.
institutionalism	6	post_soviet_transition_institutional_variation	REVIEW	GEO_UNVERIFIABLE	hypothesis has no sample.countries list	supported	aligned	1991-2000	EST,POL,RUS,UKR		0	institutional_quality	institutional_quality	soviet_collapse	soviet_collapse	Post-1991 post-Soviet transition outcomes vary sharply with pre-1991 and transition-era institutional quality; Estonia/Poland (high inclusive-institution build-out) outperformed Russia/Ukraine (partial extraction persistence).
institutionalism	7	chile_post_1990_institutional_premium	REVIEW	GEO_UNVERIFIABLE	hypothesis has no sample.countries list	supported	aligned	1973-1999	CHL		0			pinochet	pinochet	Chilean post-1990 growth outpaces earlier Pinochet-era growth despite similar market orientation, reflecting democratic-institutional upgrades more than policy continuity.
institutionalism	8	central_bank_independence_inflation_discipline	FAIL	ERA_MISMATCH	claim refers to 1980-1989; hypothesis period 1990-2023	supported	aligned	1980-1989		1990-2023	29	inflation,monetary_policy	inflation,trade_liberalisation			Central-bank independence across OECD post-1980 correlates with lower and more stable inflation outcomes than sub-periods with politicised monetary policy, controlling for fiscal regime.
institutionalism	9	venezuela_chavismo_framework_validation	PASS			supported	aligned	1999-2022	VEN	1996-2023	7		institutional_quality		chavez,chavismo,maduro	Venezuelan post-1999 institutional deterioration (judicial capture, electoral manipulation, central-bank subordination) precedes and causally contributes to the post-2013 economic collapse.
institutionalism	10	zimbabwe_property_rights_output_link	REVIEW	GEO_UNVERIFIABLE	hypothesis has no sample.countries list	supported	aligned	2000-2009	ZWE		0	inflation	inflation	zimbabwe_hyperinflation	zimbabwe_hyperinflation	Zimbabwean property-rights deterioration post-2000 (commercial-farm expropriation without compensation) precedes hyperinflation and output collapse; institutional mechanism is necessary, not merely monetary.
institutionalism	11	uk_1997_institutional_reform_macro_stability	REVIEW	GEO_UNVERIFIABLE	hypothesis has no sample.countries list	supported	aligned	1979-2007	GBR		0	privatisation,regulatory	privatisation,regulatory			UK post-1979 institutional reform (Bank of England independence 1997, competition-authority strengthening, privatisation regulatory frameworks) contributed to 1992-2007 macro stability more than the policy content alone.
institutionalism	12	botswana_institutional_exceptionalism	PASS			supported	aligned	1966-1975			0					Botswana's divergence from Sub-Saharan African averages post-1966 is attributable primarily to retained pre-colonial Tswana chieftaincy institutions plus post-independence resource-rent management, rather than resource endowment alone.
institutionalism	13	argentina_institutional_instability_decline	REVIEW	GEO_UNVERIFIABLE	hypothesis has no sample.countries list	supported	aligned	1945-1954	ARG		0					Argentina's post-1945 economic decline from high-income status is attributable to institutional instability (Peronist-military cycles, property-rights uncertainty, central-bank subordination) more than to specific policy choices.
institutionalism	14	nz_rogernomics_institutional_complements	REVIEW	GEO_UNVERIFIABLE	hypothesis has no sample.countries list	supported	aligned	1984-1994	NZL		0	regulatory	regulatory	rogernomics	rogernomics	New Zealand post-1984 Rogernomics reforms delivered growth improvement only in conjunction with later institutional reforms (Reserve Bank Act 1989, Fiscal Responsibility Act 1994), not from deregulation alone.
market_socialist	0	growth_vs_distribution_tradeoff	PASS			mixed	aligned			1985-2020	15		institutional_quality,poverty_inequality,trade_liberalisation,welfare_state			Policies that improve distribution through market-respecting mechanisms produce better long-run outcomes than transfer-based redistribution.
market_socialist	1	resource_extractor_nationalisation_reduces_output	PASS			mixed	aligned			1950-2024	9	privatisation	institutional_quality,privatisation,productivity			Resource-extractor nationalisation with autonomy preservation produces output-neutral outcomes.
market_socialist	2	yugoslav_self_management_productivity	PASS			supported	aligned	1965-1980			0	productivity	productivity			Yugoslav worker-self-managed firms 1965-1980 achieved productivity growth comparable to southern European market peers at similar development stages, demonstrating that self-management can coexist with market allocation.
market_socialist	3	mondragon_cooperative_resilience	REVIEW	GEO_UNVERIFIABLE	hypothesis has no sample.countries list	supported	aligned	1956-1956	ESP		0	employment_labour,productivity	employment_labour,productivity			Mondragón cooperative network (Spain, 1956-present) has sustained productivity and employment stability through successive recessions at levels comparable to Basque private-sector peers.
market_socialist	4	meidner_wage_earner_fund_capital_flight	REVIEW	GEO_UNVERIFIABLE	hypothesis has no sample.countries list	supported	aligned	1984-1991	SWE		0					Swedish Meidner plan / wage-earner funds 1984-1991 did not produce measurable capital flight during their brief implementation, falsifying claims that citizen ownership funds trigger disinvestment.
market_socialist	5	china_soe_vs_cee_privatised_growth	REVIEW	GEO_UNVERIFIABLE	hypothesis has no sample.countries list	supported	aligned		CHN		0	privatisation,productivity	privatisation			Chinese state-owned-enterprise reform 1990s-2000s (corporatisation + market competition, retaining public ownership of strategic sectors) produced faster productivity growth than Eastern European mass-privatisation paths.
market_socialist	6	norway_gpfg_resource_curse_avoidance	REVIEW	GEO_UNVERIFIABLE	hypothesis has no sample.countries list	supported	aligned	1990-1990	NOR		0					Norwegian GPFG sovereign wealth fund (Oljefondet, founded 1990) demonstrates that collective ownership of resource rents with market-based management can avoid resource-curse outcomes.
market_socialist	7	emilia_romagna_coop_employment_resilience	REVIEW	GEO_UNVERIFIABLE	hypothesis has no sample.countries list	supported	aligned	2008-2012	ITA		0	employment_labour	employment_labour			Cooperative-sector firms in northern Italy (Emilia-Romagna) sustained employment through the 2008-2012 recession at rates higher than matched private-sector firms of similar size.
market_socialist	8	esop_firm_survival_productivity	REVIEW	GEO_UNVERIFIABLE	hypothesis has no sample.countries list	supported	aligned	1974-1983	USA		0	productivity	productivity			ESOP (employee-stock-ownership) firms in the US post-1974 ERISA show higher survival rates and comparable productivity to matched conventional firms.
market_socialist	9	russia_china_transition_comparison	REVIEW	GEO_UNVERIFIABLE	hypothesis has no sample.countries list	supported	aligned	1991-2000	CHN,RUS		0	privatisation	privatisation			Post-1991 Russian mass privatisation produced worse output and distributional outcomes than the Chinese gradualist-with-retained-public-ownership path, controlling for initial conditions.
market_socialist	10	singapore_temasek_public_ownership_efficiency	PASS			supported	aligned				0					Singaporean state-holding-company model (Temasek, GIC) combines public ownership of commanding heights with competitive enterprise discipline, achieving sustained growth that falsifies the claim that all public ownership degrades efficiency.
market_socialist	11	worker_coop_conversion_employment_preservation	REVIEW	GEO_UNVERIFIABLE	hypothesis has no sample.countries list	supported	aligned	1985-2018	ITA,USA		0	employment_labour	employment_labour			Worker cooperative conversions (US Main Street Employee Ownership Act 2018, Italian Marcora Law 1985) preserve employment in firms that would otherwise close.
market_socialist	12	mitterrand_nationalised_firm_efficiency	PASS			mixed	aligned	1981-1995			0	privatisation	privatisation	mitterrand	mitterrand	Mitterrand 1981-1983 nationalisations of banking and industry did not produce the predicted efficiency collapse in the nationalised firms relative to private peers during their nationalised years, though macro outcomes were affected by FX pressure.
market_socialist	13	uk_nationalised_industry_investment_rates	REVIEW	GEO_UNVERIFIABLE	hypothesis has no sample.countries list	supported	aligned	1945-1979	DEU,FRA,GBR		0	privatisation	privatisation			UK post-war nationalised industries (coal, rail, steel, gas) through 1979 achieved capital-investment rates comparable to sectoral peers in West Germany and France, falsifying the claim that public ownership categorically starves investment.
marxian	0	labor_share_decline_causes	PASS			supported	inverted			1980-2020	20	labour_share	employment_labour,housing_supply,labour_share			Labour share of GDP declines structurally under capitalism as capital intensity rises.
marxian	1	top_1_percent_income_share_growth_drivers	FAIL	OUTCOME_MISMATCH	claim outcomes ['poverty_inequality'] disjoint from hypothesis outcomes ['gdp_growth', 'trade_liberalisation']	supported	inverted			1980-2020	20	poverty_inequality	gdp_growth,trade_liberalisation			Top 1% income share growth is primarily capital-extraction, not skill-return.
marxian	2	m2_expansion_correlates_with_asset_price_inflation	PASS			supported	aligned			2008-2025	10	financial_crisis,inflation,monetary_policy	financial_crisis,inflation,monetary_policy			M2 expansion correlates with asset price inflation (financialisation of surplus).
marxian	3	us_median_wage_stagnation_1973_2000_decomposition	PASS			supported	inverted	1973-2000	USA	1973-2000	1	productivity,wage_stagnation	employment_labour,gdp_growth,inflation,productivity,trade_liberalisation,wage_stagnation,welfare_state			US median real wage stagnated 1973-2000 despite rising labour productivity, with the divergence attributable to falling worker bargaining power rather than skill-biased technical change.
marxian	4	great_depression_over_accumulation_vs_monetary_cause	REVIEW	GEO_UNVERIFIABLE	hypothesis has no sample.countries list	supported	aligned	1929-1939	USA		0			great_depression	great_depression	The 1929-1933 Great Depression contraction in US output was precipitated by an endogenous over-accumulation crisis in the 1920s (rising capital-to-output ratio, falling profitability) rather than by Federal Reserve policy errors alone.
marxian	5	financial_deregulation_crisis_vulnerability	FAIL	POLICY_NAMED_ABSENT	claim references ['gramm_leach'] — not found in hypothesis text (hyp entities: ['big_bang', 'glass_steagall'])	supported	aligned	1980-2008	GBR,USA	1970-2023	22	regulatory	regulatory	big_bang,gramm_leach	big_bang,glass_steagall	Post-1980 financial deregulation in the US and UK (Depository Institutions Act 1980, UK Big Bang 1986, Gramm-Leach-Bliley 1999) increased the frequency and severity of financial crises through 2008.
marxian	6	capital_mobility_worker_bargaining_power	PASS			supported	aligned	1980-1980			0					Increased capital mobility after 1980 (capital account liberalisation across OECD) is correlated with declining worker bargaining power, measured via union density and strike frequency.
marxian	7	productivity_compensation_decoupling_post_1973	REVIEW	GEO_UNVERIFIABLE	hypothesis has no sample.countries list	supported	aligned	1945-1973	USA		0	productivity,wage_stagnation	productivity,wage_stagnation			US labour productivity and median compensation grew together 1945-1973 but decoupled after 1973, and the decoupling magnitude exceeds what composition-adjusted measures eliminate.
marxian	8	financial_sector_profit_share_rise_1970_2007	REVIEW	GEO_UNVERIFIABLE	hypothesis has no sample.countries list	supported	aligned	1970-2007	USA		0					Share of value added going to financial-sector profits in the US rose from under 15% in 1970 to over 30% by 2007, consistent with Hilferding-style financialisation hypothesis.
marxian	9	qe_asset_inflation_vs_cpi_divergence_post_2008	PASS			supported	aligned	2008-2022	USA	2008-2023	8		inflation,monetary_policy	qe	qe	Post-2008 QE programmes in the US and Eurozone disproportionately inflated financial asset prices relative to wages, widening the wealth-to-income ratio.
marxian	10	industrial_concentration_labour_share_link	REVIEW	GEO_UNVERIFIABLE	hypothesis has no sample.countries list	supported	aligned	1997-2020	USA		0	labour_share	labour_share			Industrial concentration (top-4 firm share) in US manufacturing and retail sectors rose 1997-2020 alongside declining labour share, consistent with monopolisation tendency.
marxian	11	hyperinflation_requires_fiscal_dominance	PASS			supported	aligned	2000-2008	ZWE	1900-2025	14	inflation	inflation,monetary_policy	zimbabwe_hyperinflation	zimbabwe_hyperinflation	Zimbabwe's 2000-2008 hyperinflation originated in the fiscal-military crisis following land reform rather than in purely monetary expansion, consistent with Marxian emphasis on production relations as primary.
marxian	12	uk_economic_decline_multi_movement	FAIL	ERA_MISMATCH,OUTCOME_MISMATCH,POLICY_NAMED_ABSENT	claim refers to 1979-1990; hypothesis period 1996-2023; claim outcomes ['housing_supply', 'labour_share', 'privatisation', 'regulatory'] disjoint from hypothesis outcomes ['trade_liberalisation']; claim references ['thatcher'] — not found in hypothesis text (hyp entities: ['brexit'])	supported	aligned	1979-1990	GBR	1996-2023	8	housing_supply,labour_share,privatisation,regulatory	trade_liberalisation	thatcher	brexit	UK labour share fell following Thatcherite reforms 1979-1990 (council-housing privatisation, union-law tightening, financial deregulation) by a magnitude not explained by sectoral composition shifts alone.
marxian	13	gfc_household_debt_wage_stagnation_link	PASS			supported	aligned	2007-2010			0	financial_crisis,wage_stagnation	financial_crisis,wage_stagnation	gfc,marx,minsky	gfc,marx,minsky	The 2007-2009 global financial crisis originated in household-debt-financed consumption sustaining aggregate demand despite stagnant real wages, a Minsky-plus-Marx pattern.
marxian	14	maduro_era_venezuelan_collapse_decomposition_2013_2023	PASS			mixed	aligned	2013-2024	USA,VEN	2005-2023	7		inflation	maduro	maduro	The Maduro-era Venezuelan collapse 2013-2023 is substantially attributable to the US sanctions regime (post-2015, intensifying 2019) rather than to domestic policy content alone — economic warfare is a material share of the observed contraction, consistent with Marxian emphasis on imperial-financial power as constraint on peripheral-economy policy space.
marxian	15	petro_reform_package_economic_trajectory_2022_present	FAIL	OUTCOME_MISMATCH	claim outcomes ['energy_climate', 'tax', 'welfare_state'] disjoint from hypothesis outcomes ['gdp_growth', 'inflation', 'institutional_quality']	supported	aligned	2022-2027	COL	2014-2027	4	energy_climate,tax,welfare_state	gdp_growth,inflation,institutional_quality	petro	petro	Petro's redistributive reform package (tax reform 2022, pension reform proposal 2024, labour reform) demonstrates that social-democratic / redistributive policy in a middle-income hydrocarbons economy can be implemented without the capital-flight collapse scenario market-liberal theory predicts — the 2023-2024 FDI trajectory in Colombia is broadly in line with LatAm peers.
marxist_leninist	0	resource_extractor_nationalisation_reduces_output	PASS			falsified	aligned			1950-2024	9	privatisation	institutional_quality,privatisation,productivity			Resource-extractor nationalisation reduces output (even with autonomy-claim).
marxist_leninist	1	price_controls_produce_shortages_and_quality_degradation	PASS			falsified	aligned			1930-2024	8		inflation,institutional_quality,regulatory		nixon	Price controls produce shortages and quality degradation.
marxist_leninist	2	soviet_industrial_catch_up_1928_1940	PASS			supported	aligned	1928-1940			0					Soviet industrial output grew faster than Western European averages during 1928-1940 under the first two Five-Year Plans, demonstrating primitive socialist accumulation's catch-up capacity.
marxist_leninist	3	cuba_health_outcomes_vs_latam_peers	REVIEW	GEO_UNVERIFIABLE	hypothesis has no sample.countries list	supported	aligned	1960-2000	CUB,USA		0	health_mortality	health_mortality			Cuban life expectancy and infant mortality outcomes 1960-2000 outperformed Latin American middle-income peers despite sanctions, demonstrating socialist health-system superiority.
marxist_leninist	4	maoist_precondition_for_deng_reform_growth	REVIEW	GEO_UNVERIFIABLE	hypothesis has no sample.countries list	supported	aligned	1949-1987	CHN		0					Maoist China's 1949-1976 infrastructure and literacy expansion produced the human-capital base that enabled post-1978 reform growth; pre-1978 development was a precondition, not a failure.
marxist_leninist	5	post_soviet_market_reform_life_expectancy	PASS			supported	inverted	1991-2000		1989-2019	20	health_mortality	health_mortality		covid	Post-1991 market reforms in former Soviet states produced declining life expectancy and rising mortality through the 1990s, demonstrating the social cost of capitalist restoration.
marxist_leninist	6	venezuela_chavismo_framework_validation	FAIL	OUTCOME_MISMATCH	claim outcomes ['poverty_inequality', 'privatisation'] disjoint from hypothesis outcomes ['institutional_quality']	supported	inverted	1999-2023	USA,VEN	1996-2023	7	poverty_inequality,privatisation	institutional_quality	chavez,chavismo	chavez,chavismo,maduro	Venezuelan Chavismo 1999-2013 reduced poverty and extended healthcare access relative to pre-1999 baselines, and the post-2014 collapse is attributable to oil-price shock plus US sanctions rather than to nationalisation policy per se.
marxist_leninist	7	zimbabwe_land_reform_cause_decomposition	REVIEW	GEO_UNVERIFIABLE	hypothesis has no sample.countries list	supported	aligned	2000-2008	ZWE		0	inflation	inflation			Zimbabwean land reform 2000-2008 redistributed ownership to previously excluded populations; the inflation crisis was driven by external sanctions and fiscal-military pressures, not by the redistributive policy itself.
marxist_leninist	8	china_soe_vs_cee_privatised_growth	REVIEW	GEO_UNVERIFIABLE	hypothesis has no sample.countries list	supported	aligned	1978-1987	CHN		0	privatisation	privatisation			Chinese state-owned enterprises in strategic sectors (steel, energy, telecoms) post-1978 grew faster than privatised peers in Eastern Europe through the 1990s-2010s, demonstrating that public ownership with planning can outperform market transition.
marxist_leninist	9	financial_deregulation_crisis_vulnerability	FAIL	OUTCOME_MISMATCH,POLICY_NAMED_ABSENT	claim outcomes ['financial_crisis'] disjoint from hypothesis outcomes ['regulatory']; claim references ['gfc'] — not found in hypothesis text (hyp entities: ['big_bang', 'glass_steagall'])	supported	aligned	2007-2010	CHN,GBR,USA,VNM	1970-2023	22	financial_crisis	regulatory	gfc	big_bang,glass_steagall	The 2007-2009 global financial crisis demonstrates systemic instability of capitalist accumulation, with deeper output contraction in liberalised financial systems (US, UK) than in more state-managed ones (China, Vietnam).
marxist_leninist	10	soviet_collectivisation_agricultural_marketings	REVIEW	GEO_UNVERIFIABLE	hypothesis has no sample.countries list	supported	aligned	1930-1940	RUS		0					Collectivised agriculture in the USSR 1930-1940 raised grain marketings sufficiently to finance industrial investment, delivering Preobrazhensky's scissors-crisis resolution despite high rural transition costs.
marxist_leninist	11	cuba_special_period_resilience	REVIEW	GEO_UNVERIFIABLE	hypothesis has no sample.countries list	supported	aligned	1991-2000	CUB		0					Cuban post-1991 Special Period shows that socialist planning can maintain health and education outputs under severe external shock better than market economies of similar GDP per capita.
marxist_leninist	12	milei_shock_therapy_output_recovery_trajectory	FAIL	OUTCOME_MISMATCH	claim outcomes ['poverty_inequality'] disjoint from hypothesis outcomes ['gdp_growth']	supported	aligned	2023-2027	ARG	2015-2027	7	poverty_inequality	gdp_growth	milei	milei	Milei shock therapy in Argentina from 2023 produces poverty increase and real-wage decline in its first two years, consistent with Marxist-Leninist critique of neoliberal restoration.
mmt	0	hyperinflation_requires_fiscal_dominance	PASS			supported	aligned			1900-2025	14	inflation	inflation,monetary_policy		zimbabwe_hyperinflation	Hyperinflation requires fiscal dominance AND collapsed real supply / external-FX obligation — not monetary expansion alone.
mmt	1	zimbabwe_hyperinflation_land_reform_output_collapse_2000_2009	PASS			supported	aligned	2000-2008	ZWE	1998-2009	1	inflation	inflation	zimbabwe_hyperinflation	zimbabwe_hyperinflation	Zimbabwe 2000-2008 hyperinflation followed the real-supply collapse from land reform and external sanctions; currency expansion was downstream of real-capacity destruction, not causally independent.
mmt	2	us_wwii_fiscal_expansion_inflation_aftermath	REVIEW	GEO_UNVERIFIABLE	hypothesis has no sample.countries list	supported	aligned	1941-1945	USA		0	inflation	inflation			US WWII fiscal expansion 1941-1945 (debt reaching 106% of GDP) did not produce sustained inflation once price controls were lifted and real capacity returned, consistent with MMT's real-constraint view.
mmt	3	us_dollar_issuer_solvency_record	REVIEW	GEO_UNVERIFIABLE	hypothesis has no sample.countries list	supported	aligned	1971-1971	USA		0					Post-Bretton Woods US (1971-present) has never faced a solvency crisis in dollar-denominated debt, consistent with currency-issuer operational-solvency claim.
mmt	4	japan_public_debt_solvency_inflation_independence	REVIEW	GEO_UNVERIFIABLE	hypothesis has no sample.countries list	supported	aligned	1990-2020	JPN		0	inflation	inflation			Japanese public debt crossing 150%, then 200%, then 250% of GDP 1990-2020 did not trigger a solvency or inflation crisis, contradicting household-debt-analogue framings.
mmt	5	greek_fiscal_dominance_currency_user_distinction	REVIEW	GEO_UNVERIFIABLE	hypothesis has no sample.countries list	supported	aligned	2010-2015	GRC		0					Greek fiscal crisis 2010-2015 was fundamentally a currency-user crisis (Greece issued no sovereign euro), not evidence of fiscal limits on sovereign currency-issuers.
mmt	6	uk_truss_mini_budget_currency_sovereign_mechanism	REVIEW	GEO_UNVERIFIABLE	hypothesis has no sample.countries list	mixed	aligned	2022-2023	GBR		0			truss	truss	UK Truss mini-budget 2022 gilt crisis reflected market confidence and institutional-framework rupture rather than an MMT-predicted hard fiscal limit, because the BoE restored order by intervening as issuer.
mmt	7	australia_2008_fiscal_stimulus_output_effect	REVIEW	GEO_UNVERIFIABLE	hypothesis has no sample.countries list	supported	aligned	2007-2010	AUS		0	employment_labour,inflation	employment_labour,inflation	gfc	gfc	Australian fiscal expansion during 2008-2009 GFC response prevented recession entry, consistent with MMT claim that currency-issuer fiscal space in high-unemployment regimes produces output gains with minimal inflation cost.
mmt	8	biden_ira_chips_fiscal_inflation_pass_through	REVIEW	GEO_UNVERIFIABLE	hypothesis has no sample.countries list	supported	aligned	2020-2025	USA		0		inflation	biden,covid	biden,covid	US Biden IRA + CHIPS 2022 fiscal expansion produced measurable industrial investment gains without triggering persistent wage-price spiral once supply-side pandemic disruptions resolved.
mmt	9	argentina_fx_obligation_inflation_mechanism	REVIEW	GEO_UNVERIFIABLE	hypothesis has no sample.countries list	supported	aligned		ARG		0	inflation	inflation			Argentinian chronic inflation reflects foreign-currency obligations (dollar-denominated debt, dollarised expectations) and repeated fiscal dominance in a non-sovereign currency, not a generic 'money printing' failure.
mmt	10	qe_base_money_cpi_transmission_failure	REVIEW	GEO_UNVERIFIABLE	hypothesis has no sample.countries list	supported	aligned	2008-2022	USA		0	inflation,monetary_policy	inflation,monetary_policy	qe	qe	US Federal Reserve post-2008 QE expanded base money roughly 4x without triggering broad-money expansion or consumer-price inflation until 2021, contradicting the quantity-theory mechanical transmission.
mmt	11	us_2020_2021_fiscal_inflation_transient_vs_persistent	REVIEW	GEO_UNVERIFIABLE	hypothesis has no sample.countries list	mixed	aligned	2020-2024	USA		0	inflation	inflation			The 2020-2021 US fiscal response (CARES + ARP, roughly $5tn) produced a transient inflation episode that receded by 2023-2024 as supply-side capacity normalised, consistent with MMT's real-constraint view.
mmt	12	currency_monetisation_consumer_price_effect	REVIEW	GEO_UNVERIFIABLE	hypothesis has no sample.countries list	supported	aligned	1995-2020	JPN,USA		0	inflation,wage_stagnation	inflation,wage_stagnation			Currency monetisation does not mechanically produce proportional consumer-price inflation in high-slack regimes; the US 2008-2019 and Japan 1995-2020 experience demonstrates the decoupling.
new_keynesian	0	fiat_expansion_erodes_currency_purchasing_power_long_run	FAIL	OUTCOME_UNVERIFIABLE,POLICY_NAMED_ABSENT	no outcome keywords detected in hypothesis; claim mentions ['inflation']; claim references ['volcker'] — not found in hypothesis text (hyp entities: none)	mixed	aligned	1979-1987		1971-2025	7	inflation		volcker		Volcker disinflation shows that well-managed fiat with CB independence can restore price stability without a gold standard.
new_keynesian	1	nordic_outcome_persistence_decomposition	PASS			supported	aligned			1996-2023	10		employment_labour,institutional_quality,poverty_inequality			Nordic welfare architectures can produce strong growth outcomes with counter-cyclical fiscal stabilisation.
new_keynesian	2	qe_zlb_effectiveness_term_premia	PASS			supported	aligned	2008-2022			0	monetary_policy	monetary_policy	qe	qe	Fed QE programmes 2008–2014 lowered long-end yields and corporate spreads, raising asset prices and stimulating investment through portfolio-rebalancing and signalling channels even at the zero lower bound.
new_keynesian	3	fiscal_multipliers_zlb_higher_than_normal_regime	PASS			supported	aligned				0					Fiscal multipliers are substantially larger at the zero lower bound than in normal interest-rate regimes, because crowding-out via higher rates is suppressed.
new_keynesian	4	inflation_expectations_anchoring_flattens_phillips_curve	PASS			supported	aligned	2008-2020			0	employment_labour,inflation,monetary_policy	employment_labour,inflation,monetary_policy	phillips_curve	phillips_curve	Inflation expectations remained anchored through the 2008–2020 period in economies with credible inflation-targeting central banks, producing a flatter short-run Phillips curve than the 1970s relationship.
new_keynesian	5	austerity_output_recovery_tradeoff	FAIL	POLICY_NAMED_ABSENT	claim references ['cameron', 'osborne'] — not found in hypothesis text (hyp entities: none)	supported	aligned	2010-2016	GBR	2008-2019	21		employment_labour	cameron,osborne		The Cameron–Osborne 2010–2016 UK austerity produced a slower output recovery than counterfactual balanced or expansionary fiscal paths would have produced, because fiscal consolidation at near-ZLB has large output costs.
new_keynesian	6	labour_market_hysteresis_persistent_unemployment	PASS			supported	aligned	1980-2017			0	employment_labour	employment_labour	phillips_curve	phillips_curve	Blanchard-Summers hysteresis: prolonged high unemployment (European NAIRU rise post-1980s, post-2008 Southern Europe) produces persistent labour-force detachment and skill decay that raises the natural rate.
new_keynesian	7	labour_market_flexibility_unemployment_duration	FAIL	POLICY_NAMED_ABSENT	claim references ['macron'] — not found in hypothesis text (hyp entities: none)	supported	aligned	2017-2027	FRA	1985-2023	31	employment_labour	employment_labour,welfare_state	macron		Macron's 2017–2019 labour-market reforms (CDI/CDD flexibility, simplified dismissal procedures) produced measurable reductions in French unemployment duration without offsetting wage compression.
new_keynesian	8	reagan_tax_cuts_growth_effect	FAIL	OUTCOME_MISMATCH,POLICY_NAMED_ABSENT	claim outcomes ['employment_labour', 'tax'] disjoint from hypothesis outcomes ['gdp_growth']; claim references ['tcja', 'trump'] — not found in hypothesis text (hyp entities: ['reagan'])	mixed	aligned	2017-2021			0	employment_labour,tax	gdp_growth	laffer,tcja,trump	reagan	Trump's 2017 TCJA produced smaller investment and output responses than Laffer-curve advocates projected, consistent with New Keynesian estimates of corporate-tax-cut passthrough in a near-full-employment economy.
new_keynesian	9	labour_market_flexibility_unemployment_duration	FAIL	POLICY_NAMED_ABSENT	claim references ['schroder'] — not found in hypothesis text (hyp entities: none)	supported	aligned	1998-2010	DEU	1985-2023	31	employment_labour	employment_labour,welfare_state	schroder		Schröder's Agenda 2010 reforms reduced German structural unemployment over the subsequent decade, vindicating targeted labour-market reform in a sticky-wage economy.
new_keynesian	10	abenomics_monetary_fiscal_coordination_effect	REVIEW	GEO_UNVERIFIABLE	hypothesis has no sample.countries list	mixed	aligned	2012-2020	JPN		0	inflation	inflation	abe	abe	Abenomics' combined monetary-fiscal expansion lifted Japanese inflation and output partially but failed to durably escape the deflation equilibrium, consistent with NK models of near-permanent ZLB traps.
new_keynesian	11	unfunded_fiscal_expansion_above_zlb_bond_market_response	PASS			supported	aligned	2022-2023			0	inflation	inflation	truss	truss	Truss 2022 mini-budget shows that unfunded fiscal expansion above the ZLB triggers sharp bond-market and currency responses through expected-inflation and risk-premium channels.
new_keynesian	12	forward_guidance_term_structure_effect	PASS			supported	aligned	2008-2017			0	monetary_policy	monetary_policy			Post-2008 mainstream-central-bank forward guidance affected the term structure of interest rates beyond what pure-signal rational-expectations models would predict, consistent with NK sticky-information models.
new_keynesian	13	euro_area_fiscal_constraint_contractionary_effect	REVIEW	GEO_UNVERIFIABLE	hypothesis has no sample.countries list	supported	aligned	2010-2019	ESP,GRC,ITA		0	monetary_policy	monetary_policy	maastricht	maastricht	Euro-area Southern members (Greece, Italy, Spain) post-2010 suffered larger output contractions than fiscal-space-preserving peers because Maastricht-constrained fiscal policy combined with ECB pre-2015 tightness produced contractionary conditions New Keynesian models predict at the currency-union ZLB.
ordoliberal	0	nordic_outcome_persistence_decomposition	PASS			supported	aligned		NOR,SGP	1996-2023	10		employment_labour,institutional_quality,poverty_inequality			State-organised mechanisms operating through market-respecting institutions (Bismarckian sickness funds, Norway SWF, Singapore CPF) outperform state-organised mechanisms that replace markets.
ordoliberal	1	debt_brake_fiscal_discipline_without_output_cost	REVIEW	GEO_UNVERIFIABLE	hypothesis has no sample.countries list	supported	aligned	2009-2019	DEU		0					Germany's Schuldenbremse (constitutional debt brake, 2009) produced lower debt-to-GDP trajectories than comparable-economy fiscal-rule-absent peers over 2009–2019, without output loss relative to the Eurozone mean.
ordoliberal	2	central_bank_independence_inflation_discipline	REVIEW	ERA_PARTIAL	only 9/42 claim years fall within hypothesis period 1990-2023	supported	aligned	1957-1998	DEU	1990-2023	29	inflation,monetary_policy	inflation,trade_liberalisation			Bundesbank's statutory independence 1957–1998 produced lower German inflation than any major peer economy over the same period, and served as the institutional model for ECB design.
ordoliberal	3	competition_enforcement_consumer_welfare_effect	REVIEW	GEO_UNVERIFIABLE	hypothesis has no sample.countries list	supported	aligned		USA		0		regulatory			Strict competition-policy enforcement (EU DG-Comp, Bundeskartellamt) produces higher consumer welfare than laissez-faire antitrust (US post-Bork consumer-welfare-standard narrowing) in sectors prone to concentration.
ordoliberal	4	eu_single_market_productivity_and_trade_gains	PASS			supported	aligned	1993-2020			0	gdp_growth,productivity	gdp_growth,productivity	eu_single_market	eu_single_market	EU single market 1993 produced measurable intra-EU trade, productivity, and consumer-price convergence gains consistent with the Ordoliberal view that rules-based market integration requires supranational competition enforcement.
ordoliberal	5	bismarckian_welfare_fiscal_sustainability	REVIEW	GEO_UNVERIFIABLE	hypothesis has no sample.countries list	supported	aligned		AUT,CHE,DEU		0	welfare_state	welfare_state			Bismarckian contributory welfare architectures (Germany, Austria, Switzerland) are more fiscally sustainable than tax-financed universal architectures when demographic ageing is severe, because contribution-benefit linkage constrains expansion.
ordoliberal	6	labour_market_reform_institutional_complementarity	REVIEW	GEO_UNVERIFIABLE	hypothesis has no sample.countries list	supported	aligned	1998-2010	DEU,GBR		0	poverty_inequality	poverty_inequality	schroder	schroder	Germany's Agenda 2010 labour-market reforms worked within the Ordoliberal framework precisely because they preserved collective-bargaining institutions and vocational-training architecture; the same reforms imposed on UK-style labour markets produced larger inequality increases.
ordoliberal	7	maastricht_convergence_discipline_effect	PASS			supported	aligned	1992-1992			0	gdp_growth,inflation	gdp_growth,inflation	maastricht	maastricht	Maastricht convergence criteria 1992 imposed fiscal discipline that produced lower inflation and interest-rate convergence in pre-accession EU members, consistent with the Ordoliberal principle of rules-binding monetary constitutions.
ordoliberal	8	fiscal_rule_departure_credibility_loss_effect	REVIEW	GEO_UNVERIFIABLE	hypothesis has no sample.countries list	supported	aligned	2001-2019	GRC		0					Post-2010 Southern-European departures from euro fiscal rules (Greece 2001–2009) produced the specific pattern Ordoliberal theory predicts: credibility loss, borrowing-cost spikes, and forced stabilisation on worse terms than voluntary rule-compliance would have produced.
ordoliberal	9	venezuela_chavismo_framework_validation	PASS			supported	aligned	1999-2013	VEN	1996-2023	7		institutional_quality	chavez,chavismo	chavez,chavismo,maduro	Venezuela's Chavismo-era simultaneous attack on competition institutions (price controls, expropriations, currency-control rent allocation) produced collapse patterns predictable from Eucken's competitive-order theory.
ordoliberal	10	erhard_1948_liberalisation_recovery_effect	PASS			supported	aligned	1945-1973			0					Erhard's 1948 currency reform and price-control removal produced the fastest recovery in post-war Europe, demonstrating that rules-based market restoration outperforms Bretton-Woods-era rationed economies.
ordoliberal	11	mittelstand_institutional_productivity_effect	REVIEW	GEO_UNVERIFIABLE	hypothesis has no sample.countries list	supported	aligned		DEU		0	productivity	productivity			German Mittelstand-supporting institutional architecture (vocational training, Landesbanken patient capital, co-determination) correlates with higher manufacturing productivity persistence than Anglo-Saxon shareholder-primacy arrangements in capital-intensive sectors.
ordoliberal	12	competition_enforcement_consumer_welfare_effect	FAIL	GEO_UNVERIFIABLE,POLICY_NAMED_ABSENT	hypothesis has no sample.countries list; claim references ['reagan', 'trump'] — not found in hypothesis text (hyp entities: none)	supported	aligned	1980-2021	USA		0		regulatory	reagan,trump		Reagan-era and Trump-era US antitrust enforcement retreat produced measurable concentration increases and markup rises in US product markets over 1980–2020, consistent with the Ordoliberal prediction that markets absent competition enforcement trend toward concentration.
post_keynesian	0	m2_expansion_correlates_with_asset_price_inflation	PASS			supported	aligned			2008-2025	10	financial_crisis,inflation,monetary_policy	financial_crisis,inflation,monetary_policy	minsky		M2 expansion correlates with asset price inflation (Minsky's financial instability).
post_keynesian	1	growth_vs_distribution_tradeoff	FAIL	OUTCOME_MISMATCH	claim outcomes ['employment_labour', 'inflation'] disjoint from hypothesis outcomes ['institutional_quality', 'poverty_inequality', 'trade_liberalisation', 'welfare_state']	mixed	aligned			1985-2020	15	employment_labour,inflation	institutional_quality,poverty_inequality,trade_liberalisation,welfare_state			Fiscal expansion in high-unemployment regimes produces output gains with minimal inflation cost.
post_keynesian	2	great_depression_fiscal_counterfactual	REVIEW	GEO_UNVERIFIABLE	hypothesis has no sample.countries list	supported	aligned	1929-1939	USA		0	inflation	inflation	great_depression	great_depression	The 1929-1933 US Great Depression contraction would have been substantially shallower with active fiscal expansion rather than the actual deflationary fiscal stance through 1932.
post_keynesian	3	bretton_woods_fiscal_space_growth	PASS			supported	aligned	1945-1982			0	employment_labour	employment_labour			The 1945-1973 Bretton Woods era sustained higher trend growth and lower unemployment across OECD than the post-1973 floating-rate era because capital-account controls preserved fiscal space for demand management.
post_keynesian	4	financial_deregulation_crisis_vulnerability	FAIL	OUTCOME_MISMATCH,POLICY_NAMED_ABSENT	claim outcomes ['financial_crisis'] disjoint from hypothesis outcomes ['regulatory']; claim references ['gfc'] — not found in hypothesis text (hyp entities: ['big_bang', 'glass_steagall'])	supported	aligned	2007-2009		1970-2023	22	financial_crisis	regulatory	gfc,minsky	big_bang,glass_steagall	The 2007-2009 financial crisis originated in endogenous leverage build-up (Minsky hedge-speculative-Ponzi transition) within financial sector balance sheets, not in exogenous shocks.
post_keynesian	5	austerity_output_recovery_tradeoff	FAIL	OUTCOME_MISMATCH	claim outcomes ['monetary_policy'] disjoint from hypothesis outcomes ['employment_labour']	supported	aligned	2010-2019	ESP,GRC,IRL,PRT	2008-2019	21	monetary_policy	employment_labour			Post-2010 Eurozone austerity under ECB/IMF/EC programmes in Greece, Portugal, Spain, and Ireland produced larger negative output multipliers than pre-crisis IMF models assumed.
post_keynesian	6	uk_cameron_osborne_austerity_output_effect	REVIEW	GEO_UNVERIFIABLE	hypothesis has no sample.countries list	supported	aligned	2010-2016	GBR		0			cameron,osborne	cameron,osborne	UK Cameron-Osborne austerity 2010-2016 reduced output below the counterfactual path and failed to reduce the debt-to-GDP ratio on the government's own timeline.
post_keynesian	7	qe_asset_inflation_vs_cpi_divergence_post_2008	PASS			supported	aligned	2008-2022		2008-2023	8	inflation	inflation,monetary_policy	qe	qe	Post-2008 QE programmes produced asset-price inflation without proportional wage or consumer-price inflation, consistent with endogenous-money view that central-bank reserve expansion does not mechanically translate into broad-money expansion.
post_keynesian	8	abenomics_monetary_policy_demand_effect	PASS			supported	aligned	2012-2020			0	inflation,monetary_policy	inflation,monetary_policy	abe	abe	Abenomics 2012-2020 produced weaker inflation response than orthodox monetary-policy models predicted, vindicating post-Keynesian view that monetary policy alone cannot lift effective demand at zero lower bound.
post_keynesian	9	volcker_disinflation_output_cost_magnitude	PASS			supported	aligned	1979-1987			0	employment_labour,inflation	employment_labour,inflation	volcker	volcker	Volcker disinflation 1979-1982 produced output costs (unemployment rising to 10.8%) that mainstream models systematically underestimated, consistent with post-Keynesian insistence that disinflation costs are real and persistent.
post_keynesian	10	us_household_debt_sustains_demand_1990_2008	REVIEW	GEO_UNVERIFIABLE	hypothesis has no sample.countries list	supported	aligned	2008-2008	USA		0	wage_stagnation	wage_stagnation			Pre-2008 US household debt expansion sustained aggregate demand in the face of stagnant real median wages, a pattern inconsistent with representative-agent rational-expectations models.
post_keynesian	11	financial_deregulation_crisis_vulnerability	FAIL	POLICY_NAMED_ABSENT	claim references ['gramm_leach'] — not found in hypothesis text (hyp entities: ['big_bang', 'glass_steagall'])	supported	aligned	1945-2008		1970-2023	22	regulatory	regulatory	big_bang,gramm_leach	big_bang,glass_steagall	Financial deregulation across OECD 1980-2008 (Big Bang 1986, Gramm-Leach-Bliley 1999) raised crisis frequency above the stable 1945-1980 regulated-finance era.
post_keynesian	12	phillips_curve_flattening_post_1990	PASS			supported	aligned	1990-1999			0	employment_labour	employment_labour	phillips_curve	phillips_curve	The Phillips curve flattened post-1990 in OECD economies, reflecting endogenous expectation formation and labour-market regime change rather than pure NAIRU drift.
post_keynesian	13	trump_tariff_manufacturing_reshoring_effect	REVIEW	GEO_UNVERIFIABLE	hypothesis has no sample.countries list	mixed	aligned	2017-2021	USA		0	trade_liberalisation	trade_liberalisation	trump	trump	Trump tariff policy 2018-2019 did not reshore US manufacturing output to a meaningful degree, and tariff incidence fell on US importers and consumers, consistent with post-Keynesian emphasis on demand-side rather than price-competition factors in trade flows.
post_keynesian	14	lula_third_term_fiscal_discipline_commitment_2023_present	FAIL	ERA_MISMATCH	claim refers to 2003-2011; hypothesis period 2015-2027	mixed	aligned	2003-2011		2015-2027	1			lula	lula	Lula's third-term Novo Arcabouço Fiscal holds the primary-balance path not primarily due to statutory discipline but because BCB real-rate tightening and market-yield pressure forced de-facto compression — the post-Keynesian reading that fiscal commitment devices are ratified by financial-sector discipline rather than standing alone.
post_keynesian	15	petro_reform_package_economic_trajectory_2022_present	PASS			mixed	aligned	2022-2027	COL	2014-2027	4		gdp_growth,inflation,institutional_quality	petro	petro	Petro-era Colombian economic trajectory 2022-2026 is not meaningfully worse than the LatAm peer pool after controlling for the regional monetary-tightening cycle, vindicating post-Keynesian reading that redistributive fiscal policy in middle-income economies can be implemented without the collapse-of-investment scenario orthodox models predict.
social_democratic	0	nordic_outcome_persistence_decomposition	PASS			mixed	aligned			1996-2023	10	institutional_quality	employment_labour,institutional_quality,poverty_inequality			Nordic outcomes require BOTH welfare architecture AND institutional quality — welfare is not secondary.
social_democratic	1	growth_vs_distribution_tradeoff	PASS			supported	aligned			1985-2020	15		institutional_quality,poverty_inequality,trade_liberalisation,welfare_state			Distributional outcomes are improvable through transfer expansion without proportional growth costs.
social_democratic	2	us_1945_1973_labour_compact_productivity_wage_link	REVIEW	GEO_UNVERIFIABLE	hypothesis has no sample.countries list	supported	aligned	1945-1973	USA		0	productivity	productivity			US 1945-1973 coordinated labour-management-state compact produced broad-based real-wage growth tracking productivity, demonstrating that strong labour institutions + progressive taxation are growth-compatible.
social_democratic	3	union_density_inequality_growth_oecd	PASS			supported	aligned	1980-1989			0	poverty_inequality	poverty_inequality			Post-1980 OECD countries with higher union density and collective-bargaining coverage maintained lower inequality growth without measurable cumulative growth penalty.
social_democratic	4	schroder_agenda_2010_median_wage_inequality	REVIEW	GEO_UNVERIFIABLE	hypothesis has no sample.countries list	supported	aligned	1998-2010	DEU		0	employment_labour,poverty_inequality	employment_labour,poverty_inequality	schroder	schroder	Schroder Agenda 2010 reforms reduced German unemployment but widened inequality and produced slower median-wage growth, demonstrating that not all labour-market flexibilisation is welfare-improving.
social_democratic	5	austerity_output_recovery_tradeoff	PASS			supported	aligned	2010-2019	ESP,GRC,IRL,PRT	2008-2019	21		employment_labour			Post-2010 Eurozone austerity in Greece, Spain, Portugal, Ireland produced larger-than-projected output contractions, falsifying the R&R 90%-debt-threshold austerity case.
social_democratic	6	nordic_1990s_reform_welfare_scale_preservation	REVIEW	GEO_UNVERIFIABLE	hypothesis has no sample.countries list	supported	aligned	1999-2001	DNK,NOR,SWE		0	welfare_state	welfare_state			Nordic 1990s reforms (Swedish pension 1999, Norway handlingsregel 2001, Danish flexicurity) preserved welfare-state scope while restoring fiscal sustainability, showing that welfare-state scale is not inherently unsustainable.
social_democratic	7	us_eu_gdp_per_capita_divergence_policy_causes	PASS			supported	inverted		USA	1970-2023	15	productivity	employment_labour,productivity,regulatory,trade_liberalisation			US-EU GDP-per-capita gap is partly driven by hours-worked differences that reflect welfare-state preferences (more leisure, more public services) rather than productivity deficit.
social_democratic	8	top_marginal_rate_growth_tradeoff	REVIEW	GEO_UNVERIFIABLE	hypothesis has no sample.countries list	supported	aligned	1945-1980	USA		0	tax	tax	laffer	laffer	Progressive income-tax marginal rates (up to roughly 70% top rate) have been compatible with strong growth in post-war US 1945-1980 and Nordics, falsifying extreme-Laffer-curve positions.
social_democratic	9	universal_healthcare_cost_outcome_oecd	REVIEW	GEO_UNVERIFIABLE	hypothesis has no sample.countries list	supported	aligned		USA		0					Universal healthcare systems across OECD produce lower per-capita health spending than the US multi-payer system at equal or better outcome measures.
social_democratic	10	australia_super_guarantee_saving_effect	REVIEW	GEO_UNVERIFIABLE	hypothesis has no sample.countries list	supported	aligned	1992-1992	AUS		0					Australian superannuation guarantee 1992 produced broad-based retirement-savings expansion without the crowd-out or private-saving collapse predicted by some critics.
social_democratic	11	macron_labour_tax_employment_distribution	PASS			mixed	aligned	2017-2027			0	employment_labour,tax	employment_labour,tax	macron	macron	Macron 2017-2019 labour-tax reforms produced measurable employment gains but had distributional costs; welfare-state-adjustment outcome is mixed and depends on transfer-side offsets.
social_democratic	12	r_minus_g_wealth_income_ratio_post_1980	PASS			supported	aligned	1914-1989			0	poverty_inequality	poverty_inequality			Piketty's r > g dynamic post-1980 produced wealth-to-income ratios reaching or exceeding pre-1914 levels in major OECD economies, consistent with social-democratic claims about structural inequality drift absent policy intervention.
social_democratic	13	automatic_stabiliser_2008_contraction_severity	REVIEW	GEO_UNVERIFIABLE	hypothesis has no sample.countries list	supported	aligned	2008-2017	DEU,GBR		0	employment_labour	employment_labour			Post-2008 countries with larger automatic stabilisers (Nordics, Germany short-time work) experienced milder output and employment contractions than countries with weaker welfare-state cushions (UK, southern Eurozone).
social_democratic	14	universal_vs_meanstest_child_poverty	PASS			supported	aligned				0	poverty_inequality,welfare_state	poverty_inequality,welfare_state			Child-poverty rates in EU countries with universal child-benefit systems are substantially lower than in means-tested systems at similar tax-and-transfer cost.
